1,Project,2,1,2011-04-01
2,Project,2,2,2012-04-26
3,Project,2,5,開始予定日
4,Project,2,6,開始予定日
5,Project,2,35,3
6,Project,2,36,6
7,Project,2,27,3
8,Project,2,28,6
9,Project,2,29,7
10,Project,2,30,13
11,Project,2,31,14
12,Project,2,32,20
13,Project,2,33,21
14,Project,2,34,999
15,Project,2,37,7
16,Project,2,38,13
17,Project,2,39,14
18,Project,2,40,20
19,Project,2,41,21
20,Project,2,42,999
21,Issue,1,7,普通
22,Issue,1,12,2011-04-01
23,Issue,1,16,B:グループB
24,Issue,1,24,1
25,Issue,2,7,普通
26,Issue,2,13,2011-07-27
27,Issue,2,12,2011-05-12
28,Issue,2,16,B:グループB
29,Issue,2,24,1.1
30,Issue,3,7,普通
31,Issue,3,13,2011-05-30
32,Issue,3,12,2011-05-12
33,Issue,3,16,B:グループB
34,Issue,3,24,1.1.1
35,Issue,4,7,普通
36,Issue,4,13,2011-05-25
37,Issue,4,12,2011-05-12
38,Issue,4,16,B:グループB
39,Issue,4,24,1.1.1.1
40,Issue,5,7,普通
41,Issue,5,13,2011-05-30
42,Issue,5,12,2011-05-26
43,Issue,5,16,B:グループB
44,Issue,5,24,1.1.1.2
45,Issue,6,7,普通
46,Issue,6,13,2011-07-21
47,Issue,6,12,2011-05-31
48,Issue,6,16,B:グループB
49,Issue,6,24,1.1.2
50,Issue,7,7,普通
51,Issue,7,13,2011-06-06
52,Issue,7,12,2011-05-31
53,Issue,7,16,B:グループB
54,Issue,7,24,1.1.2.1
55,Issue,8,7,普通
56,Issue,8,13,2011-06-13
57,Issue,8,12,2011-06-07
58,Issue,8,16,B:グループB
59,Issue,8,24,1.1.2.2
60,Issue,9,7,普通
61,Issue,9,13,2011-06-13
62,Issue,9,12,2011-06-07
63,Issue,9,16,B:グループB
64,Issue,9,24,1.1.2.3
65,Issue,10,7,普通
66,Issue,10,13,2011-06-13
67,Issue,10,12,2011-06-07
68,Issue,10,16,B:グループB
69,Issue,10,24,1.1.2.4
70,Issue,11,7,普通
71,Issue,11,13,2011-07-18
72,Issue,11,12,2011-06-14
73,Issue,11,16,B:グループB
74,Issue,11,24,1.1.2.5
75,Issue,12,7,普通
76,Issue,12,13,2011-07-19
77,Issue,12,12,2011-07-19
78,Issue,12,16,B:グループB
79,Issue,12,24,1.1.2.6
80,Issue,13,7,普通
81,Issue,13,13,2011-07-20
82,Issue,13,12,2011-07-20
83,Issue,13,16,B:グループB
84,Issue,13,24,1.1.2.7
85,Issue,14,7,普通
86,Issue,14,13,2011-07-21
87,Issue,14,12,2011-07-21
88,Issue,14,16,B:グループB
89,Issue,14,24,1.1.2.8
90,Issue,15,7,普通
91,Issue,15,13,2011-07-26
92,Issue,15,12,2011-07-22
93,Issue,15,16,B:グループB
94,Issue,15,24,1.1.3
95,Issue,16,7,普通
96,Issue,16,13,2011-07-26
97,Issue,16,12,2011-07-22
98,Issue,16,16,B:グループB
99,Issue,16,24,1.1.4
100,Issue,17,7,普通
101,Issue,17,13,2011-07-27
102,Issue,17,12,2011-07-27
103,Issue,17,16,B:グループB
104,Issue,17,24,1.1.5
105,Issue,18,7,普通
106,Issue,18,13,2011-07-27
107,Issue,18,12,2011-07-27
108,Issue,18,16,B:グループB
109,Issue,18,24,1.1.6
110,Issue,19,7,普通
111,Issue,19,13,2011-09-01
112,Issue,19,12,2011-06-22
113,Issue,19,16,B:グループB
114,Issue,19,24,1.2
115,Issue,20,7,普通
116,Issue,20,13,2011-06-30
117,Issue,20,12,2011-06-22
118,Issue,20,16,B:グループB
119,Issue,20,24,1.2.1
120,Issue,21,7,普通
121,Issue,21,13,2011-08-10
122,Issue,21,12,2011-07-01
123,Issue,21,16,B:グループB
124,Issue,21,24,1.2.2
125,Issue,22,7,普通
126,Issue,22,13,2011-07-21
127,Issue,22,12,2011-07-01
128,Issue,22,16,B:グループB
129,Issue,22,24,1.2.2.1
130,Issue,23,7,普通
131,Issue,23,13,2011-08-09
132,Issue,23,12,2011-07-27
133,Issue,23,16,B:グループB
134,Issue,23,24,1.2.2.2
135,Issue,24,7,普通
136,Issue,24,13,2011-08-10
137,Issue,24,12,2011-08-10
138,Issue,24,16,B:グループB
139,Issue,24,24,1.2.2.3
140,Issue,25,7,普通
141,Issue,25,13,2011-08-10
142,Issue,25,12,2011-07-01
143,Issue,25,16,B:グループB
144,Issue,25,24,1.2.3
145,Issue,26,7,普通
146,Issue,26,13,2011-07-21
147,Issue,26,12,2011-07-01
148,Issue,26,16,B:グループB
149,Issue,26,24,1.2.3.1
150,Issue,27,7,普通
151,Issue,27,13,2011-08-09
152,Issue,27,12,2011-07-27
153,Issue,27,16,B:グループB
154,Issue,27,24,1.2.3.2
155,Issue,28,7,普通
156,Issue,28,13,2011-08-10
157,Issue,28,12,2011-08-10
158,Issue,28,16,B:グループB
159,Issue,28,24,1.2.3.3
160,Issue,29,7,普通
161,Issue,29,13,2011-08-10
162,Issue,29,12,2011-07-01
163,Issue,29,16,B:グループB
164,Issue,29,24,1.2.4
165,Issue,30,7,普通
166,Issue,30,13,2011-07-19
167,Issue,30,12,2011-07-01
168,Issue,30,16,B:グループB
169,Issue,30,24,1.2.4.1
170,Issue,31,7,普通
171,Issue,31,13,2011-08-09
172,Issue,31,12,2011-07-27
173,Issue,31,16,B:グループB
174,Issue,31,24,1.2.4.2
175,Issue,32,7,普通
176,Issue,32,13,2011-07-14
177,Issue,32,12,2011-07-01
178,Issue,32,16,B:グループB
179,Issue,32,24,1.2.4.3
180,Issue,33,7,普通
181,Issue,33,13,2011-08-05
182,Issue,33,12,2011-07-27
183,Issue,33,16,B:グループB
184,Issue,33,24,1.2.4.4
185,Issue,34,7,普通
186,Issue,34,13,2011-07-18
187,Issue,34,12,2011-07-01
188,Issue,34,16,B:グループB
189,Issue,34,24,1.2.4.5
190,Issue,35,7,普通
191,Issue,35,13,2011-08-09
192,Issue,35,12,2011-07-27
193,Issue,35,16,B:グループB
194,Issue,35,24,1.2.4.6
195,Issue,36,7,普通
196,Issue,36,13,2011-08-10
197,Issue,36,12,2011-08-10
198,Issue,36,16,B:グループB
199,Issue,36,24,1.2.4.7
200,Issue,37,7,普通
201,Issue,37,13,2011-08-19
202,Issue,37,12,2011-08-11
203,Issue,37,16,B:グループB
204,Issue,37,24,1.2.5
205,Issue,38,7,普通
206,Issue,38,13,2011-08-26
207,Issue,38,12,2011-08-22
208,Issue,38,16,B:グループB
209,Issue,38,24,1.2.6
210,Issue,39,7,普通
211,Issue,39,13,2011-08-26
212,Issue,39,12,2011-08-22
213,Issue,39,16,B:グループB
214,Issue,39,24,1.2.6.1
215,Issue,40,7,普通
216,Issue,40,13,2011-08-26
217,Issue,40,12,2011-08-22
218,Issue,40,16,B:グループB
219,Issue,40,24,1.2.6.2
220,Issue,41,7,普通
221,Issue,41,13,2011-08-26
222,Issue,41,12,2011-08-22
223,Issue,41,16,B:グループB
224,Issue,41,24,1.2.7
225,Issue,42,7,普通
226,Issue,42,13,2011-08-29
227,Issue,42,12,2011-08-29
228,Issue,42,16,B:グループB
229,Issue,42,24,1.2.8
230,Issue,43,7,普通
231,Issue,43,13,2011-08-30
232,Issue,43,12,2011-08-30
233,Issue,43,16,B:グループB
234,Issue,43,24,1.2.9
235,Issue,44,7,普通
236,Issue,44,13,2011-08-31
237,Issue,44,12,2011-08-31
238,Issue,44,16,B:グループB
239,Issue,44,24,1.2.10
240,Issue,45,7,普通
241,Issue,45,13,2011-09-01
242,Issue,45,12,2011-09-01
243,Issue,45,16,B:グループB
244,Issue,45,24,1.2.11
245,Issue,46,7,普通
246,Issue,46,13,2011-09-01
247,Issue,46,12,2011-09-01
248,Issue,46,16,B:グループB
249,Issue,46,24,1.2.12
250,Issue,47,7,普通
251,Issue,47,13,2011-11-10
252,Issue,47,12,2011-09-02
253,Issue,47,16,B:グループB
254,Issue,47,24,1.3
255,Issue,48,7,普通
256,Issue,48,13,2011-09-12
257,Issue,48,12,2011-09-02
258,Issue,48,16,B:グループB
259,Issue,48,24,1.3.1
260,Issue,49,7,普通
261,Issue,49,13,2011-10-04
262,Issue,49,12,2011-09-13
263,Issue,49,16,B:グループB
264,Issue,49,24,1.3.2
265,Issue,50,7,普通
266,Issue,50,13,2011-10-04
267,Issue,50,12,2011-09-13
268,Issue,50,16,B:グループB
269,Issue,50,24,1.3.2.1
270,Issue,51,7,普通
271,Issue,51,13,2011-10-04
272,Issue,51,12,2011-09-13
273,Issue,51,16,B:グループB
274,Issue,51,24,1.3.3
275,Issue,52,7,普通
276,Issue,52,13,2011-10-04
277,Issue,52,12,2011-09-13
278,Issue,52,16,B:グループB
279,Issue,52,24,1.3.3.1
280,Issue,53,7,普通
281,Issue,53,13,2011-10-07
282,Issue,53,12,2011-09-13
283,Issue,53,16,B:グループB
284,Issue,53,24,1.3.4
285,Issue,54,7,普通
286,Issue,54,13,2011-10-07
287,Issue,54,12,2011-09-13
288,Issue,54,16,B:グループB
289,Issue,54,24,1.3.4.1
290,Issue,55,7,普通
291,Issue,55,13,2011-10-06
292,Issue,55,12,2011-09-13
293,Issue,55,16,B:グループB
294,Issue,55,24,1.3.4.2
295,Issue,56,7,普通
296,Issue,56,13,2011-10-05
297,Issue,56,12,2011-09-13
298,Issue,56,16,B:グループB
299,Issue,56,24,1.3.4.3
300,Issue,57,7,普通
301,Issue,57,13,2011-10-10
302,Issue,57,12,2011-10-10
303,Issue,57,16,B:グループB
304,Issue,57,24,1.3.5
305,Issue,58,7,普通
306,Issue,58,13,2011-10-11
307,Issue,58,12,2011-10-11
308,Issue,58,16,B:グループB
309,Issue,58,24,1.3.6
310,Issue,59,7,普通
311,Issue,59,13,2011-11-04
312,Issue,59,12,2011-10-12
313,Issue,59,16,B:グループB
314,Issue,59,24,1.3.7
315,Issue,60,7,普通
316,Issue,60,13,2011-11-07
317,Issue,60,12,2011-11-07
318,Issue,60,16,B:グループB
319,Issue,60,24,1.3.8
320,Issue,61,7,普通
321,Issue,61,13,2011-11-09
322,Issue,61,12,2011-11-09
323,Issue,61,16,B:グループB
324,Issue,61,24,1.3.9
325,Issue,62,7,普通
326,Issue,62,13,2011-11-10
327,Issue,62,12,2011-11-10
328,Issue,62,16,B:グループB
329,Issue,62,24,1.3.10
330,Issue,63,7,普通
331,Issue,63,13,2011-11-10
332,Issue,63,12,2011-11-10
333,Issue,63,16,B:グループB
334,Issue,63,24,1.3.11
335,Issue,64,7,普通
336,Issue,64,11,10
337,Issue,64,12,2011-11-11
338,Issue,64,14,50
339,Issue,64,15,25
340,Issue,64,16,B:グループB
341,Issue,64,24,1.4
342,Issue,65,7,普通
343,Issue,65,11,10
344,Issue,65,12,2011-11-11
345,Issue,65,14,70
346,Issue,65,15,30
347,Issue,65,16,B:グループB
348,Issue,65,24,1.4.1
349,Issue,66,7,普通
350,Issue,66,8,15
351,Issue,66,9,40
352,Issue,66,10,1000
353,Issue,66,12,2011-11-11
354,Issue,66,14,85
355,Issue,66,15,15
356,Issue,66,16,B:グループB
357,Issue,66,24,1.4.1.1
358,Issue,68,25,66
359,Issue,67,7,普通
360,Issue,67,16,B:グループB
361,Issue,67,24,1.4.1.2
362,Issue,68,7,普通
363,Issue,68,8,20
364,Issue,68,9,0
365,Issue,68,16,B:グループB
366,Issue,68,24,1.4.1.3
367,Issue,69,7,普通
368,Issue,69,16,B:グループB
369,Issue,69,24,1.4.1.4
370,Issue,70,7,普通
371,Issue,70,11,11
372,Issue,70,12,2011-11-11
373,Issue,70,14,76
374,Issue,70,15,26
375,Issue,70,16,B:グループB
376,Issue,70,24,1.4.2
377,Issue,71,7,普通
378,Issue,71,8,160
379,Issue,71,9,60
380,Issue,71,10,2000
381,Issue,71,11,10
382,Issue,71,12,2011-11-11
383,Issue,71,16,B:グループB
384,Issue,71,24,1.4.2.1
385,Issue,73,25,71
386,Issue,72,7,普通
387,Issue,72,16,B:グループB
388,Issue,72,24,1.4.2.2
389,Issue,73,7,普通
390,Issue,73,8,80
391,Issue,73,9,0
392,Issue,73,14,80
393,Issue,73,15,20
394,Issue,73,16,B:グループB
395,Issue,73,24,1.4.2.3
396,Issue,74,7,普通
397,Issue,74,16,B:グループB
398,Issue,74,24,1.4.2.4
399,Issue,75,7,普通
400,Issue,75,12,2011-11-11
401,Issue,75,16,B:グループB
402,Issue,75,24,1.4.3
403,Issue,76,7,普通
404,Issue,76,8,105
405,Issue,76,9,40
406,Issue,76,10,1000
407,Issue,76,12,2011-11-11
408,Issue,76,16,B:グループB
409,Issue,76,24,1.4.3.1
410,Issue,78,25,76
411,Issue,77,7,普通
412,Issue,77,16,B:グループB
413,Issue,77,24,1.4.3.2
414,Issue,78,7,普通
415,Issue,78,8,40
416,Issue,78,9,0
417,Issue,78,16,B:グループB
418,Issue,78,24,1.4.3.3
419,Issue,79,7,普通
420,Issue,79,16,B:グループB
421,Issue,79,24,1.4.4
422,Issue,80,7,普通
423,Issue,80,16,B:グループB
424,Issue,80,24,1.4.5
425,Issue,81,7,普通
426,Issue,81,16,B:グループB
427,Issue,81,24,1.5
428,Issue,82,7,普通
429,Issue,82,16,B:グループB
430,Issue,82,24,1.5.1
431,Issue,83,7,普通
432,Issue,83,16,B:グループB
433,Issue,83,24,1.5.2
434,Issue,84,7,普通
435,Issue,84,16,B:グループB
436,Issue,84,24,1.5.3
437,Issue,85,7,普通
438,Issue,85,16,B:グループB
439,Issue,85,24,1.5.4
440,Issue,86,7,普通
441,Issue,86,16,B:グループB
442,Issue,86,24,1.5.5
443,Issue,87,7,普通
444,Issue,87,16,B:グループB
445,Issue,87,24,1.5.6
446,Issue,88,7,普通
447,Issue,88,16,B:グループB
448,Issue,88,24,1.6
449,Issue,89,7,普通
450,Issue,89,16,B:グループB
451,Issue,89,24,1.6.1
452,Issue,90,7,普通
453,Issue,90,16,B:グループB
454,Issue,90,24,1.6.2
455,Issue,91,7,普通
456,Issue,91,16,B:グループB
457,Issue,91,24,1.6.3
458,Issue,92,7,普通
459,Issue,92,16,B:グループB
460,Issue,92,24,1.6.4
461,Issue,93,7,普通
462,Issue,93,16,B:グループB
463,Issue,93,24,1.6.5
464,Issue,94,7,普通
465,Issue,94,16,B:グループB
466,Issue,94,24,1.6.6
467,Issue,95,7,普通
468,Issue,95,16,B:グループB
469,Issue,95,24,1.6.7
470,Issue,96,7,普通
471,Issue,96,16,B:グループB
472,Issue,96,24,1.6.8
473,Issue,97,7,普通
474,Issue,97,16,B:グループB
475,Issue,97,24,1.6.9
476,Issue,98,7,普通
477,Issue,98,16,B:グループB
478,Issue,98,24,1.7
479,Issue,99,7,普通
480,Issue,99,16,B:グループB
481,Issue,99,24,1.7.1
482,Issue,100,7,普通
483,Issue,100,16,B:グループB
484,Issue,100,24,1.7.2
485,Issue,101,7,普通
486,Issue,101,12,2011-04-06
487,Issue,101,16,B:グループB
488,Issue,101,24,1.8
489,Issue,102,7,普通
490,Issue,102,13,2011-04-07
491,Issue,102,12,2011-04-06
492,Issue,102,16,B:グループB
493,Issue,102,24,1.8.1
494,Issue,103,7,普通
495,Issue,103,13,2011-04-06
496,Issue,103,12,2011-04-06
497,Issue,103,16,B:グループB
498,Issue,103,24,1.8.1.1
499,Issue,104,7,普通
500,Issue,104,13,2011-04-07
501,Issue,104,12,2011-04-07
502,Issue,104,16,B:グループB
503,Issue,104,24,1.8.1.2
504,Issue,105,7,普通
505,Issue,105,13,2011-05-11
506,Issue,105,12,2011-04-08
507,Issue,105,16,B:グループB
508,Issue,105,24,1.8.2
509,Issue,106,7,普通
510,Issue,106,13,2011-04-08
511,Issue,106,12,2011-04-08
512,Issue,106,16,B:グループB
513,Issue,106,24,1.8.2.1
514,Issue,107,7,普通
515,Issue,107,13,2011-04-08
516,Issue,107,12,2011-04-08
517,Issue,107,16,B:グループB
518,Issue,107,24,1.8.2.1.1
519,Issue,108,7,普通
520,Issue,108,13,2011-04-22
521,Issue,108,12,2011-04-11
522,Issue,108,16,B:グループB
523,Issue,108,24,1.8.2.2
524,Issue,109,7,普通
525,Issue,109,13,2011-04-11
526,Issue,109,12,2011-04-11
527,Issue,109,16,B:グループB
528,Issue,109,24,1.8.2.2.1
529,Issue,110,7,普通
530,Issue,110,13,2011-04-12
531,Issue,110,12,2011-04-12
532,Issue,110,16,B:グループB
533,Issue,110,24,1.8.2.2.2
534,Issue,111,7,普通
535,Issue,111,13,2011-04-13
536,Issue,111,12,2011-04-13
537,Issue,111,16,B:グループB
538,Issue,111,24,1.8.2.2.3
539,Issue,112,7,普通
540,Issue,112,13,2011-04-14
541,Issue,112,12,2011-04-14
542,Issue,112,16,B:グループB
543,Issue,112,24,1.8.2.2.4
544,Issue,113,7,普通
545,Issue,113,13,2011-04-15
546,Issue,113,12,2011-04-15
547,Issue,113,16,B:グループB
548,Issue,113,24,1.8.2.2.5
549,Issue,114,7,普通
550,Issue,114,13,2011-04-18
551,Issue,114,12,2011-04-18
552,Issue,114,16,B:グループB
553,Issue,114,24,1.8.2.2.6
554,Issue,115,7,普通
555,Issue,115,13,2011-04-19
556,Issue,115,12,2011-04-19
557,Issue,115,16,B:グループB
558,Issue,115,24,1.8.2.2.7
559,Issue,116,7,普通
560,Issue,116,13,2011-04-20
561,Issue,116,12,2011-04-20
562,Issue,116,16,B:グループB
563,Issue,116,24,1.8.2.2.8
564,Issue,117,7,普通
565,Issue,117,13,2011-04-21
566,Issue,117,12,2011-04-21
567,Issue,117,16,B:グループB
568,Issue,117,24,1.8.2.2.9
569,Issue,118,7,普通
570,Issue,118,13,2011-04-22
571,Issue,118,12,2011-04-22
572,Issue,118,16,B:グループB
573,Issue,118,24,1.8.2.2.10
574,Issue,119,7,普通
575,Issue,119,13,2011-04-29
576,Issue,119,12,2011-04-25
577,Issue,119,16,B:グループB
578,Issue,119,24,1.8.2.3
579,Issue,120,7,普通
580,Issue,120,13,2011-04-26
581,Issue,120,12,2011-04-25
582,Issue,120,16,B:グループB
583,Issue,120,24,1.8.2.3.1
584,Issue,121,7,普通
585,Issue,121,13,2011-04-25
586,Issue,121,12,2011-04-25
587,Issue,121,16,B:グループB
588,Issue,121,24,1.8.2.3.1.1
589,Issue,122,7,普通
590,Issue,122,13,2011-04-26
591,Issue,122,12,2011-04-26
592,Issue,122,16,B:グループB
593,Issue,122,24,1.8.2.3.1.2
594,Issue,123,7,普通
595,Issue,123,13,2011-04-27
596,Issue,123,12,2011-04-27
597,Issue,123,16,B:グループB
598,Issue,123,24,1.8.2.3.2
599,Issue,124,7,普通
600,Issue,124,13,2011-04-27
601,Issue,124,12,2011-04-27
602,Issue,124,16,B:グループB
603,Issue,124,24,1.8.2.3.2.1
604,Issue,125,7,普通
605,Issue,125,13,2011-04-29
606,Issue,125,12,2011-04-28
607,Issue,125,16,B:グループB
608,Issue,125,24,1.8.2.3.3
609,Issue,126,7,普通
610,Issue,126,13,2011-04-28
611,Issue,126,12,2011-04-28
612,Issue,126,16,B:グループB
613,Issue,126,24,1.8.2.3.3.1
614,Issue,127,7,普通
615,Issue,127,13,2011-04-29
616,Issue,127,12,2011-04-29
617,Issue,127,16,B:グループB
618,Issue,127,24,1.8.2.3.3.2
619,Issue,128,7,普通
620,Issue,128,13,2011-05-06
621,Issue,128,12,2011-05-02
622,Issue,128,16,B:グループB
623,Issue,128,24,1.8.2.4
624,Issue,129,7,普通
625,Issue,129,13,2011-05-02
626,Issue,129,12,2011-05-02
627,Issue,129,16,B:グループB
628,Issue,129,24,1.8.2.4.1
629,Issue,130,7,普通
630,Issue,130,13,2011-05-03
631,Issue,130,12,2011-05-03
632,Issue,130,16,B:グループB
633,Issue,130,24,1.8.2.4.2
634,Issue,131,7,普通
635,Issue,131,13,2011-05-05
636,Issue,131,12,2011-05-05
637,Issue,131,16,B:グループB
638,Issue,131,24,1.8.2.4.3
639,Issue,132,7,普通
640,Issue,132,13,2011-05-06
641,Issue,132,12,2011-05-06
642,Issue,132,16,B:グループB
643,Issue,132,24,1.8.2.4.4
644,Issue,133,7,普通
645,Issue,133,13,2011-05-11
646,Issue,133,12,2011-05-11
647,Issue,133,16,B:グループB
648,Issue,133,24,1.8.2.5
649,Issue,134,7,普通
650,Issue,134,13,2011-05-11
651,Issue,134,12,2011-05-11
652,Issue,134,16,B:グループB
653,Issue,134,24,1.8.2.6
654,Issue,135,7,普通
655,Issue,135,12,2011-04-06
656,Issue,135,16,B:グループB
657,Issue,135,24,1.8.3
658,Issue,136,7,普通
659,Issue,136,12,2011-04-11
660,Issue,136,16,B:グループB
661,Issue,136,24,1.8.3.1
662,Issue,137,7,普通
663,Issue,137,13,2011-04-11
664,Issue,137,12,2011-04-11
665,Issue,137,16,B:グループB
666,Issue,137,24,1.8.3.1.1
667,Issue,138,7,普通
668,Issue,138,13,2011-04-18
669,Issue,138,12,2011-04-18
670,Issue,138,16,B:グループB
671,Issue,138,24,1.8.3.1.2
672,Issue,139,7,普通
673,Issue,139,13,2011-04-25
674,Issue,139,12,2011-04-25
675,Issue,139,16,B:グループB
676,Issue,139,24,1.8.3.1.3
677,Issue,140,7,普通
678,Issue,140,13,2011-05-02
679,Issue,140,12,2011-05-02
680,Issue,140,16,B:グループB
681,Issue,140,24,1.8.3.1.4
682,Issue,141,7,普通
683,Issue,141,13,2011-05-11
684,Issue,141,12,2011-05-11
685,Issue,141,16,B:グループB
686,Issue,141,24,1.8.3.1.5
687,Issue,142,7,普通
688,Issue,142,13,2011-05-16
689,Issue,142,12,2011-05-16
690,Issue,142,16,B:グループB
691,Issue,142,24,1.8.3.1.6
692,Issue,143,7,普通
693,Issue,143,13,2011-05-23
694,Issue,143,12,2011-05-23
695,Issue,143,16,B:グループB
696,Issue,143,24,1.8.3.1.7
697,Issue,144,7,普通
698,Issue,144,13,2011-05-30
699,Issue,144,12,2011-05-30
700,Issue,144,16,B:グループB
701,Issue,144,24,1.8.3.1.8
702,Issue,145,7,普通
703,Issue,145,13,2011-06-06
704,Issue,145,12,2011-06-06
705,Issue,145,16,B:グループB
706,Issue,145,24,1.8.3.1.9
707,Issue,146,7,普通
708,Issue,146,13,2011-06-13
709,Issue,146,12,2011-06-13
710,Issue,146,16,B:グループB
711,Issue,146,24,1.8.3.1.10
712,Issue,147,7,普通
713,Issue,147,13,2011-06-20
714,Issue,147,12,2011-06-20
715,Issue,147,16,B:グループB
716,Issue,147,24,1.8.3.1.11
717,Issue,148,7,普通
718,Issue,148,13,2011-06-27
719,Issue,148,12,2011-06-27
720,Issue,148,16,B:グループB
721,Issue,148,24,1.8.3.1.12
722,Issue,149,7,普通
723,Issue,149,13,2011-07-04
724,Issue,149,12,2011-07-04
725,Issue,149,16,B:グループB
726,Issue,149,24,1.8.3.1.13
727,Issue,150,7,普通
728,Issue,150,13,2011-07-11
729,Issue,150,12,2011-07-11
730,Issue,150,16,B:グループB
731,Issue,150,24,1.8.3.1.14
732,Issue,151,7,普通
733,Issue,151,13,2011-07-18
734,Issue,151,12,2011-07-18
735,Issue,151,16,B:グループB
736,Issue,151,24,1.8.3.1.15
737,Issue,152,7,普通
738,Issue,152,13,2011-07-26
739,Issue,152,12,2011-07-26
740,Issue,152,16,B:グループB
741,Issue,152,24,1.8.3.1.16
742,Issue,153,7,普通
743,Issue,153,13,2011-08-01
744,Issue,153,12,2011-08-01
745,Issue,153,16,B:グループB
746,Issue,153,24,1.8.3.1.17
747,Issue,154,7,普通
748,Issue,154,13,2011-08-08
749,Issue,154,12,2011-08-08
750,Issue,154,16,B:グループB
751,Issue,154,24,1.8.3.1.18
752,Issue,155,7,普通
753,Issue,155,13,2011-08-15
754,Issue,155,12,2011-08-15
755,Issue,155,16,B:グループB
756,Issue,155,24,1.8.3.1.19
757,Issue,156,7,普通
758,Issue,156,13,2011-08-22
759,Issue,156,12,2011-08-22
760,Issue,156,16,B:グループB
761,Issue,156,24,1.8.3.1.20
762,Issue,157,7,普通
763,Issue,157,13,2011-08-29
764,Issue,157,12,2011-08-29
765,Issue,157,16,B:グループB
766,Issue,157,24,1.8.3.1.21
767,Issue,158,7,普通
768,Issue,158,13,2011-09-05
769,Issue,158,12,2011-09-05
770,Issue,158,16,B:グループB
771,Issue,158,24,1.8.3.1.22
772,Issue,159,7,普通
773,Issue,159,13,2011-09-12
774,Issue,159,12,2011-09-12
775,Issue,159,16,B:グループB
776,Issue,159,24,1.8.3.1.23
777,Issue,160,7,普通
778,Issue,160,13,2011-09-19
779,Issue,160,12,2011-09-19
780,Issue,160,16,B:グループB
781,Issue,160,24,1.8.3.1.24
782,Issue,161,7,普通
783,Issue,161,13,2011-09-26
784,Issue,161,12,2011-09-26
785,Issue,161,16,B:グループB
786,Issue,161,24,1.8.3.1.25
787,Issue,162,7,普通
788,Issue,162,13,2011-10-03
789,Issue,162,12,2011-10-03
790,Issue,162,16,B:グループB
791,Issue,162,24,1.8.3.1.26
792,Issue,163,7,普通
793,Issue,163,13,2011-10-10
794,Issue,163,12,2011-10-10
795,Issue,163,16,B:グループB
796,Issue,163,24,1.8.3.1.27
797,Issue,164,7,普通
798,Issue,164,13,2011-10-18
799,Issue,164,12,2011-10-18
800,Issue,164,16,B:グループB
801,Issue,164,24,1.8.3.1.28
802,Issue,165,7,普通
803,Issue,165,13,2011-10-24
804,Issue,165,12,2011-10-24
805,Issue,165,16,B:グループB
806,Issue,165,24,1.8.3.1.29
807,Issue,166,7,普通
808,Issue,166,13,2011-10-31
809,Issue,166,12,2011-10-31
810,Issue,166,16,B:グループB
811,Issue,166,24,1.8.3.1.30
812,Issue,167,7,普通
813,Issue,167,13,2011-11-07
814,Issue,167,12,2011-11-07
815,Issue,167,16,B:グループB
816,Issue,167,24,1.8.3.1.31
817,Issue,168,7,普通
818,Issue,168,13,2011-11-14
819,Issue,168,12,2011-11-14
820,Issue,168,16,B:グループB
821,Issue,168,24,1.8.3.1.32
822,Issue,169,7,普通
823,Issue,169,13,2011-11-21
824,Issue,169,12,2011-11-21
825,Issue,169,16,B:グループB
826,Issue,169,24,1.8.3.1.33
827,Issue,170,7,普通
828,Issue,170,13,2011-11-29
829,Issue,170,12,2011-11-29
830,Issue,170,16,B:グループB
831,Issue,170,24,1.8.3.1.34
832,Issue,171,7,普通
833,Issue,171,13,2011-12-05
834,Issue,171,12,2011-12-05
835,Issue,171,16,B:グループB
836,Issue,171,24,1.8.3.1.35
837,Issue,172,7,普通
838,Issue,172,13,2011-12-12
839,Issue,172,12,2011-12-12
840,Issue,172,16,B:グループB
841,Issue,172,24,1.8.3.1.36
842,Issue,173,7,普通
843,Issue,173,13,2011-12-19
844,Issue,173,12,2011-12-19
845,Issue,173,16,B:グループB
846,Issue,173,24,1.8.3.1.37
847,Issue,174,7,普通
848,Issue,174,13,2011-12-26
849,Issue,174,12,2011-12-26
850,Issue,174,16,B:グループB
851,Issue,174,24,1.8.3.1.38
852,Issue,175,7,普通
853,Issue,175,16,B:グループB
854,Issue,175,24,1.8.3.1.39
855,Issue,176,7,普通
856,Issue,176,16,B:グループB
857,Issue,176,24,1.8.3.1.40
858,Issue,177,7,普通
859,Issue,177,16,B:グループB
860,Issue,177,24,1.8.3.1.41
861,Issue,178,7,普通
862,Issue,178,16,B:グループB
863,Issue,178,24,1.8.3.1.42
864,Issue,179,7,普通
865,Issue,179,16,B:グループB
866,Issue,179,24,1.8.3.1.43
867,Issue,180,7,普通
868,Issue,180,16,B:グループB
869,Issue,180,24,1.8.3.1.44
870,Issue,181,7,普通
871,Issue,181,16,B:グループB
872,Issue,181,24,1.8.3.1.45
873,Issue,182,7,普通
874,Issue,182,16,B:グループB
875,Issue,182,24,1.8.3.1.46
876,Issue,183,7,普通
877,Issue,183,16,B:グループB
878,Issue,183,24,1.8.3.1.47
879,Issue,184,7,普通
880,Issue,184,16,B:グループB
881,Issue,184,24,1.8.3.1.48
882,Issue,185,7,普通
883,Issue,185,16,B:グループB
884,Issue,185,24,1.8.3.1.49
885,Issue,186,7,普通
886,Issue,186,16,B:グループB
887,Issue,186,24,1.8.3.1.50
888,Issue,187,7,普通
889,Issue,187,16,B:グループB
890,Issue,187,24,1.8.3.1.51
891,Issue,188,7,普通
892,Issue,188,16,B:グループB
893,Issue,188,24,1.8.3.1.52
894,Issue,189,7,普通
895,Issue,189,12,2011-04-11
896,Issue,189,16,B:グループB
897,Issue,189,24,1.8.3.2
898,Issue,190,7,普通
899,Issue,190,13,2011-04-11
900,Issue,190,12,2011-04-11
901,Issue,190,16,B:グループB
902,Issue,190,24,1.8.3.2.1
903,Issue,191,7,普通
904,Issue,191,13,2011-05-11
905,Issue,191,12,2011-05-11
906,Issue,191,16,B:グループB
907,Issue,191,24,1.8.3.2.2
908,Issue,192,7,普通
909,Issue,192,13,2011-06-10
910,Issue,192,12,2011-06-10
911,Issue,192,16,B:グループB
912,Issue,192,24,1.8.3.2.3
913,Issue,193,7,普通
914,Issue,193,13,2011-07-11
915,Issue,193,12,2011-07-11
916,Issue,193,16,B:グループB
917,Issue,193,24,1.8.3.2.4
918,Issue,194,7,普通
919,Issue,194,13,2011-08-10
920,Issue,194,12,2011-08-10
921,Issue,194,16,B:グループB
922,Issue,194,24,1.8.3.2.5
923,Issue,195,7,普通
924,Issue,195,13,2011-09-12
925,Issue,195,12,2011-09-12
926,Issue,195,16,B:グループB
927,Issue,195,24,1.8.3.2.6
928,Issue,196,7,普通
929,Issue,196,13,2011-10-10
930,Issue,196,12,2011-10-10
931,Issue,196,16,B:グループB
932,Issue,196,24,1.8.3.2.7
933,Issue,197,7,普通
934,Issue,197,13,2011-11-10
935,Issue,197,12,2011-11-10
936,Issue,197,16,B:グループB
937,Issue,197,24,1.8.3.2.8
938,Issue,198,7,普通
939,Issue,198,13,2011-12-12
940,Issue,198,12,2011-12-12
941,Issue,198,16,B:グループB
942,Issue,198,24,1.8.3.2.9
943,Issue,199,7,普通
944,Issue,199,16,B:グループB
945,Issue,199,24,1.8.3.2.10
946,Issue,200,7,普通
947,Issue,200,16,B:グループB
948,Issue,200,24,1.8.3.2.11
949,Issue,201,7,普通
950,Issue,201,16,B:グループB
951,Issue,201,24,1.8.3.2.12
952,Issue,202,7,普通
953,Issue,202,12,2011-04-06
954,Issue,202,16,B:グループB
955,Issue,202,24,1.8.3.3
956,Issue,203,7,普通
957,Issue,203,13,2011-04-06
958,Issue,203,12,2011-04-06
959,Issue,203,16,B:グループB
960,Issue,203,24,1.8.3.3.1
961,Issue,204,7,普通
962,Issue,204,13,2011-05-06
963,Issue,204,12,2011-05-06
964,Issue,204,16,B:グループB
965,Issue,204,24,1.8.3.3.2
966,Issue,205,7,普通
967,Issue,205,13,2011-06-06
968,Issue,205,12,2011-06-06
969,Issue,205,16,B:グループB
970,Issue,205,24,1.8.3.3.3
971,Issue,206,7,普通
972,Issue,206,13,2011-07-06
973,Issue,206,12,2011-07-06
974,Issue,206,16,B:グループB
975,Issue,206,24,1.8.3.3.4
976,Issue,207,7,普通
977,Issue,207,13,2011-08-08
978,Issue,207,12,2011-08-08
979,Issue,207,16,B:グループB
980,Issue,207,24,1.8.3.3.5
981,Issue,208,7,普通
982,Issue,208,13,2011-09-06
983,Issue,208,12,2011-09-06
984,Issue,208,16,B:グループB
985,Issue,208,24,1.8.3.3.6
986,Issue,209,7,普通
987,Issue,209,13,2011-10-06
988,Issue,209,12,2011-10-06
989,Issue,209,16,B:グループB
990,Issue,209,24,1.8.3.3.7
991,Issue,210,7,普通
992,Issue,210,13,2011-11-07
993,Issue,210,12,2011-11-07
994,Issue,210,16,B:グループB
995,Issue,210,24,1.8.3.3.8
996,Issue,211,7,普通
997,Issue,211,13,2011-12-06
998,Issue,211,12,2011-12-06
999,Issue,211,16,B:グループB
1000,Issue,211,24,1.8.3.3.9
1001,Issue,212,7,普通
1002,Issue,212,16,B:グループB
1003,Issue,212,24,1.8.3.3.10
1004,Issue,213,7,普通
1005,Issue,213,16,B:グループB
1006,Issue,213,24,1.8.3.3.11
1007,Issue,214,7,普通
1008,Issue,214,16,B:グループB
1009,Issue,214,24,1.8.3.3.12
1010,Issue,215,7,普通
1011,Issue,215,16,B:グループB
1012,Issue,215,24,1.8.4
1013,Issue,216,7,普通
1014,Issue,216,16,B:グループB
1015,Issue,216,24,1.8.4.1
1016,Issue,217,7,普通
1017,Issue,217,16,B:グループB
1018,Issue,217,24,1.8.4.1.1
1019,Issue,218,7,普通
1020,Issue,218,16,B:グループB
1021,Issue,218,24,1.8.4.1.2
1022,Issue,219,7,普通
1023,Issue,219,16,B:グループB
1024,Issue,219,24,1.8.4.2
1025,Issue,220,7,普通
1026,Issue,220,16,B:グループB
1027,Issue,220,24,1.8.4.2.1
1028,Issue,221,7,普通
1029,Issue,221,16,B:グループB
1030,Issue,221,24,1.8.4.2.2
1031,Issue,222,7,普通
1032,Issue,222,16,B:グループB
1033,Issue,222,24,1.8.4.3
1034,Issue,223,7,普通
1035,Issue,223,16,B:グループB
1036,Issue,223,24,1.8.4.3.1
1037,Issue,224,7,普通
1038,Issue,224,16,B:グループB
1039,Issue,224,24,1.8.4.3.2
1040,Issue,225,7,普通
1041,Issue,225,16,B:グループB
1042,Issue,225,24,1.8.4.4
1043,Issue,226,7,普通
1044,Issue,226,13,2011-12-27
1045,Issue,226,12,2011-12-26
1046,Issue,226,23,41:環境設定ミス
1047,Issue,226,26,71
1048,Issue,227,7,重要
1049,Issue,227,12,2011-12-15
1050,Issue,227,23,31:製造（設計と不一致）
1051,Issue,227,26,71
1052,Issue,228,7,軽微
1053,Issue,228,12,2011-12-24
1054,Issue,228,23,23:設計改善（標準化対応）
1055,Issue,228,26,71
1056,Issue,229,7,普通
1057,Issue,229,12,2011-11-27
1058,Issue,229,23,42:データ不備
1059,Issue,229,26,71
1060,Issue,230,7,普通
1061,Issue,230,12,2011-12-27
1062,Issue,230,23,41:環境設定ミス
1063,Issue,230,26,66
1064,Issue,231,7,重要
1065,Issue,231,12,2011-11-05
1066,Issue,231,23,34:製造（改善）
1067,Issue,231,26,76
1068,Issue,232,7,普通
1069,Issue,232,26,68
1070,Issue,233,7,普通
1071,Issue,233,26,68
1072,Issue,234,7,普通
1073,Issue,234,26,68
1074,Issue,235,7,普通
1075,Issue,235,26,68
1076,Issue,236,7,普通
1077,Issue,236,26,68
1078,Issue,237,7,普通
1079,Issue,237,26,68
1080,Issue,238,7,軽微
1081,Issue,238,26,68
1082,Issue,239,7,軽微
1083,Issue,239,26,68
1084,Issue,240,7,軽微
1085,Issue,240,26,68
1086,Issue,241,7,軽微
1087,Issue,241,26,68
1088,Issue,242,7,軽微
1089,Issue,242,26,68
1090,Issue,243,7,重要
1091,Issue,243,26,68
1092,Issue,244,7,重要
1093,Issue,244,26,68
1094,Issue,245,7,重要
1095,Issue,245,26,68
1096,Issue,246,7,重要
1097,Issue,246,26,68
1098,Issue,247,7,重要
1099,Issue,247,26,68
1100,Issue,248,7,普通
1101,Issue,248,26,73
1102,Issue,249,7,普通
1103,Issue,249,26,73
1104,Issue,250,7,普通
1105,Issue,250,26,73
1106,Issue,251,7,普通
1107,Issue,251,26,73
1108,Issue,252,7,普通
1109,Issue,252,26,73
1110,Issue,253,7,軽微
1111,Issue,253,26,73
1112,Issue,254,7,軽微
1113,Issue,254,26,73
1114,Issue,255,7,軽微
1115,Issue,255,26,73
1116,Issue,256,7,軽微
1117,Issue,256,26,73
1118,Issue,257,7,軽微
1119,Issue,257,26,73
1120,Issue,258,7,軽微
1121,Issue,258,26,73
1122,Issue,259,7,重要
1123,Issue,259,26,73
1124,Issue,260,7,重要
1125,Issue,260,26,73
1126,Issue,261,7,重要
1127,Issue,261,26,73
1128,Issue,262,7,重要
1129,Issue,262,26,73
1130,Issue,263,7,重要
1131,Issue,263,26,73
1132,Issue,264,7,普通
1133,Issue,264,26,78
1134,Issue,265,7,普通
1135,Issue,265,26,78
1136,Issue,266,7,普通
1137,Issue,266,26,78
1138,Issue,267,7,普通
1139,Issue,267,26,78
1140,Issue,268,7,普通
1141,Issue,268,26,78
1142,Issue,269,7,軽微
1143,Issue,269,26,78
1144,Issue,270,7,軽微
1145,Issue,270,26,78
1146,Issue,271,7,軽微
1147,Issue,271,26,78
1148,Issue,272,7,軽微
1149,Issue,272,26,78
1150,Issue,273,7,軽微
1151,Issue,273,26,78
1152,Issue,274,7,重要
1153,Issue,274,26,78
1154,Issue,275,7,重要
1155,Issue,275,26,78
1156,Issue,276,7,重要
1157,Issue,276,26,78
1158,Issue,277,7,重要
1159,Issue,277,26,78
1160,Issue,278,7,重要
1161,Issue,278,26,78
1162,Issue,279,7,重要
1163,Issue,279,26,78
1164,Issue,280,7,重要
1165,Issue,280,13,2011-12-15
1166,Issue,280,12,2011-12-07
1167,Issue,280,23,32:製造（コーディングミス）
1168,Issue,280,26,66
1169,Issue,281,7,軽微
1170,Issue,281,13,2011-12-15
1171,Issue,281,12,2011-12-12
1172,Issue,281,23,24:設計改善（記載・表現配慮）
1173,Issue,281,26,66
1174,Issue,282,7,重要
1175,Issue,282,13,2011-12-16
1176,Issue,282,12,2011-12-08
1177,Issue,282,23,23:設計改善（標準化対応）
1178,Issue,282,26,71
1179,Issue,283,7,軽微
1180,Issue,283,13,2011-12-16
1181,Issue,283,12,2011-12-13
1182,Issue,283,23,42:データ不備
1183,Issue,283,26,71
1184,Issue,284,7,重要
1185,Issue,284,13,2011-12-08
1186,Issue,284,12,2011-12-07
1187,Issue,284,23,31:製造（設計と不一致）
1188,Issue,284,26,76
1189,Issue,285,7,軽微
1190,Issue,285,13,2011-12-20
1191,Issue,285,12,2011-12-16
1192,Issue,285,23,23:設計改善（標準化対応）
1193,Issue,285,26,76
